index,fw_fw_06_swe_-2,swe_swe_average_-2,clusteringLabel
97278,1
93880,1
97277,2
95299,0
93882,1
97541,2
93585,3
110026,1
99557,1
101724,0
100049,1
96165,1
98821,0
101952,0
100777,0
538,1
382,4
461,7
327,2
147183,3
149734,4
144753,3
146682,0
148262,2
143284,0
148777,0
148791,0
150231,0
150922,3
149766,1
146643,6
151578,5
144460,0
145837,2
146956,2
145827,2
141510,1
149251,1
145828,2
149281,0
146920,1
149285,1
147492,0
150927,5
146634,0
147737,0
151802,0
143585,1
149254,1
148528,2
142990,2
148265,0
148523,1
142103,0
143865,2
140916,0
143884,5
150908,8
150928,0
146408,3
145840,5
146392,3
146410,1
150446,11
144434,0
148018,4
150925,0
147991,0
148524,1
144453,0
147187,0
152627,3
146648,5
150900,0
149004,0
151354,7
150237,6
146656,0
145832,2
145304,0
144176,1
148488,3
145005,0
149999,5
148015,0
142404,0
152625,3
141517,0
147708,0
151145,0
148501,0
145576,0
146916,3
148249,0
149035,10
150897,1
142099,0
146357,0
149756,0
148538,6
144740,0
147729,0
149262,3
146383,0
147205,0
149483,0
142703,0
148990,2
149751,0
147195,0
144471,0
146355,0
150675,0
150219,3
144151,0
148236,0
4863,0
22531,3
19923,0
19918,0
21486,0
18890,0
23064,1
29912,0
25206,1
26269,0
23605,0
5839,0
25215,2
25747,2
25752,0
23597,3
27844,0
27335,2
4867,0
26277,0
24139,0
24138,0
21202,0
42888,2
49568,6
48711,2
52091,0
45204,0
44291,2
44742,0
47826,0
52092,0
45654,0
50835,0
132496,4
137845,1
137851,1
137860,0
137551,0
141486,2
138792,0
132810,0
133122,0
135655,0
137562,5
131557,6
130944,0
137519,0
141469,0
139364,0
137831,0
135969,2
135940,0
144424,5
135305,1
138150,0
137567,4
136927,2
137878,0
133435,0
138454,0
138467,0
144126,0
137227,0
136916,1
142377,11
137250,5
139686,0
136622,0
140909,0
138182,0
139705,0
139991,5
139406,6
133426,1
140590,0
135347,0
139373,0
132808,0
144992,0
136914,0
137526,1
138751,0
146084,0
144130,0
136286,1
135002,0
140282,1
141494,0
139366,0
137520,0
135328,0
143835,0
137218,1
136887,1
144124,0
135944,1
131566,0
143247,0
141478,4
140266,1
140906,0
136583,0
139076,4
139378,0
140601,0
140014,3
138465,2
137245,1
137225,0
136889,0
134705,0
138794,0
141796,5
141790,0
138496,0
136266,0
139976,0
134050,0
140568,0
143833,0
139674,0
142063,0
134380,2
135020,0
139659,0
145545,0
140267,2
132178,4
28494,0
23171,4
30045,0
24801,0
31072,0
26919,0
12771,0
23187,0
19472,1
14810,1
17408,0
15330,0
22094,0
30057,0
20511,0
19508,0
25842,0
22637,0
15332,2
13269,0
13275,0
20526,0
14299,0
16881,0
19497,0
19481,0
24788,0
28498,0
19990,0
22103,1
21579,0
25320,1
26904,0
13265,0
10320,1
12281,0
21562,0
30043,2
18467,0
27984,0
18459,0
23702,0
26397,0
14290,0
18966,0
15844,0
21584,1
18985,2
28489,1
9453,0
25340,0
25851,0
10795,0
16386,0
10318,0
17946,0
13278,0
30053,2
15319,0
18482,0
20519,0
17415,2
19471,0
27452,0
14305,0
26916,1
28502,3
20522,0
34640,0
33614,0
34643,0
37059,1
34631,0
23205,0
31086,0
32129,0
36081,0
21595,0
36583,0
34113,0
37542,0
25885,0
35600,0
37557,0
32648,0
33610,0
38035,1
26420,0
31625,0
35127,0
32145,0
22126,0
25368,0
29044,0
39026,0
22132,0
20553,0
24272,2
31100,0
29550,0
35126,0
25882,0
25896,4
34630,0
34142,0
27487,0
34610,0
34136,4
29030,0
35105,0
32627,0
36584,0
29547,1
29072,0
32649,0
21599,3
24273,0
26974,0
27489,1
31611,0
28547,0
29563,1
29053,0
35596,0
36993,0
39456,0
38466,2
38971,0
37969,0
31574,0
35567,0
39445,0
43733,0
35084,0
35551,0
41837,0
30555,2
28474,1
41351,0
36535,0
43706,2
31060,1
33576,5
37486,0
32058,0
38944,1
38479,0
32067,0
36537,0
33094,1
34085,0
43243,0
31067,0
45547,0
42331,2
29505,0
30028,4
29512,1
38487,0
38449,0
32068,0
43250,3
33091,0
38468,0
36540,0
44629,0
38955,0
36541,0
30536,1
38977,0
45090,0
38956,0
33089,1
35071,0
44636,0
35570,0
43251,0
37000,0
36507,0
40418,0
39917,0
43261,0
32581,0
37475,0
33078,0
34572,0
44631,0
28986,0
36997,4
31576,0
34598,0
39924,0
42326,0
66049,0
59433,0
33197,1
21661,0
13867,0
22728,0
20609,0
16460,0
23256,0
15409,1
24360,0
25421,0
18018,0
30148,0
25426,0
18545,0
28608,1
13866,0
18032,0
29642,2
28592,0
31685,3
21150,0
22189,0
16452,0
31682,0
29640,1
22724,5
25972,1
20112,0
22719,0
18033,0
32700,0
29635,0
19570,0
16984,0
21157,0
29630,0
22733,0
25442,0
29637,0
112226,0
110418,1
113802,0
110380,3
116454,0
111755,0
110373,1
113545,3
109431,1
111057,0
109925,0
113023,1
106480,1
112228,0
111762,0
113527,0
106476,0
108704,0
112240,0
109950,0
108978,0
110629,0
108467,0
111996,1
116460,0
111041,0
107484,0
113528,0
109223,0
111280,0
115431,0
113529,0
109909,4
110617,0
110626,0
110171,0
109448,3
109212,0
109933,0
108709,0
111990,0
115694,0
111042,0
109936,0
108956,0
112494,0
110183,0
108962,0
112750,0
110193,0
114056,0
114324,0
114333,0
108456,0
113782,0
109231,0
108446,0
105058,0
113537,0
114057,0
110383,0
115683,0
115144,0
117186,0
113544,2
106472,0
108217,4
110181,0
111766,0
116450,0
114891,0
110594,0
105992,0
112496,0
113533,0
111043,1
110853,1
78324,0
78327,1
78322,0
73857,0
77260,0
70759,0
77974,0
74625,0
71543,0
75402,0
75784,0
74248,4
74249,5
70384,6
62514,0
66028,1
62509,0
60586,4
60200,0
60976,2
65004,3
63238,1
63585,0
65003,0
61735,0
64312,0
60587,0
60198,1
121991,0
120920,0
123023,0
126516,0
122298,0
123797,0
123666,0
121638,0
123969,0
121455,0
129162,0
122578,1
123024,0
121811,0
121128,8
119684,0
119851,0
119485,0
121665,0
120934,0
125931,0
128866,1
121113,1
128864,3
127990,0
120044,0
120924,0
119681,0
122447,0
125650,0
126814,0
125395,0
124314,0
124326,1
123639,0
124337,0
126517,0
125396,0
119469,0
127104,0
119275,0
120049,2
122290,0
126816,0
122722,0
121633,0
125121,0
121290,0
125119,0
125656,0
124703,0
122288,0
123177,0
118865,0
123985,0
122732,0
119479,1
121976,0
123174,0
119271,1
121637,0
125923,2
120953,0
124306,0
124329,0
122719,0
121304,0
125148,1
124318,0
120403,0
123030,3
102216,0
103248,2
107387,0
105907,0
104093,0
103242,0
103870,0
100824,4
106376,0
108141,0
105654,0
108143,0
101071,0
103662,0
102850,0
102633,1
107644,2
103036,0
104311,1
105901,2
108397,0
107386,0
103859,0
107650,0
108879,0
106135,0
103866,0
107379,0
104967,2
106392,1
102647,0
103449,0
104510,0
106627,0
103244,0
106887,0
100810,0
101997,0
105177,0
107394,0
102435,0
105650,0
105904,3
103453,0
103647,0
106632,0
106865,2
103054,1
15,0
85624,0
84303,0
83250,0
87388,0
87732,3
83597,0
79346,0
88787,1
88792,0
89829,0
77959,0
78641,0
85633,2
89126,0
88769,0
86668,0
89118,3
91109,0
82568,0
78978,0
82901,0
79344,0
79328,0
87022,0
88090,0
79688,0
92934,0
78292,0
80436,0
80053,0
77591,0
79002,0
77232,0
89491,0
85629,0
86656,0
84645,0
81152,0
86667,0
85973,0
90145,0
81146,0
88791,0
89466,0
78629,0
84953,0
82203,0
84615,0
78981,0
80788,0
92013,1
78636,0
92304,0
80424,0
84967,0
82889,0
84983,0
82201,0
85630,0
88082,4
86305,0
88417,1
87363,1
81847,0
90779,0
77967,0
78306,0
82917,0
87729,0
81868,0
87367,0
93534,0
81159,0
86322,0
91701,0
90134,0
85646,0
78283,1
88779,0
76119,0
86284,0
84302,0
91698,0
81520,0
79352,0
20679,0
22441,0
29315,0
34852,0
32380,0
41637,0
25113,0
29321,0
39247,2
28276,0
38748,0
20887,0
39740,0
41649,0
34363,0
36300,0
33862,0
35842,0
33887,0
41163,4
34843,0
36320,0
38247,0
38753,0
30331,0
41168,0
43051,0
29328,0
31372,0
40691,0
23516,1
34350,0
36771,0
26165,0
34349,0
25129,1
43049,0
38740,0
43048,0
27226,0
21404,0
29820,0
22446,0
35818,0
29823,0
23505,0
38242,0
25631,0
40195,0
30841,0
22436,0
35828,0
31888,0
26716,0
30864,0
39235,0
34357,0
37287,2
28289,0
31877,2
31350,0
26161,4
25116,0
26175,1
25107,0
27768,0
37743,0
41181,0
21916,0
41162,0
32362,0
30837,0
38244,0
36316,0
40220,0
33388,0
20884,0
31355,0
30320,0
42114,2
27756,0
79406,0
79039,0
79401,0
78342,0
77273,0
102514,0
101195,0
98983,0
101630,0
101397,0
104418,2
98723,0
98985,0
99970,0
103128,0
98478,2
101870,0
106022,0
102071,0
97955,0
103566,0
103342,0
104647,0
100440,1
104627,0
106252,0
101179,0
100949,1
102925,0
100453,0
100447,0
99703,0
101400,0
100207,0
101418,0
98469,0
101178,0
97961,0
102087,0
108733,1
105544,0
109479,6
105546,4
108248,0
101181,0
102297,0
105524,0
102714,1
108482,4
103359,0
103347,0
106019,0
103542,0
100918,0
103125,2
101633,1
105074,0
99220,0
104855,0
106998,0
103358,0
105776,0
104412,0
99470,0
98971,0
102922,0
100462,0
100917,0
103331,1
102941,0
101420,0
98979,0
106511,0
99471,4
104851,0
100198,1
55298,0
51104,0
53581,0
45043,0
57304,1
54002,1
45507,0
56916,1
57737,0
45956,0
42741,0
47247,0
55714,0
56108,0
49852,0
45950,3
48109,1
46819,4
54864,5
57340,0
54854,0
57310,0
57714,3
48541,1
53169,0
52369,0
57712,3
51119,0
56132,0
55722,0
50255,0
42722,0
45479,0
52758,0
54448,0
50675,0
49857,0
52773,0
46829,0
59302,0
53582,0
45931,0
47257,0
58921,0
51959,0
49833,4
42730,1
44598,0
44132,1
51962,0
55292,0
42720,0
49005,0
59305,0
56510,0
47660,0
53997,0
50256,0
58110,0
59325,1
46796,0
56499,0
41789,2
53611,1
49835,0
54443,0
43666,0
46825,0
58519,0
50267,0
43213,0
58124,0
48114,0
54032,0
52768,0
45040,0
55311,7
58929,4
46380,0
49837,0
42736,0
45609,2
49548,0
50794,0
45606,0
47783,2
46492,1
47806,0
47777,0
46077,0
46516,0
43791,0
48219,1
46076,1
46075,0
48238,0
43798,0
47812,0
48230,0
46057,0
45610,0
46056,0
50803,0
46500,0
45174,0
44246,0
50391,0
45627,0
44261,0
42383,7
42853,0
41434,0
50791,0
47781,0
47383,0
49956,2
45165,1
8,0
86705,0
85327,0
84333,0
87787,0
89149,0
79364,0
86684,0
81531,1
85004,4
87777,0
85679,0
83287,0
82591,0
81194,0
87781,0
82243,0
82222,0
87057,6
82929,0
79024,1
78318,0
88108,0
83308,0
83646,0
85360,0
85662,0
89494,0
80088,0
87427,0
83978,1
79725,0
82230,0
88110,0
85006,0
80466,0
83645,0
86697,0
90483,0
88471,2
83297,0
88796,2
82242,0
80451,0
88135,0
88128,0
79729,0
80811,0
79739,1
81563,1
90495,0
81557,0
81533,0
81544,0
86351,0
81562,0
113436,0
113432,1
111894,0
112910,0
111429,0
116093,0
113161,0
113424,0
112388,0
114781,0
118612,0
117342,0
113164,0
112904,0
113955,1
117338,1
113967,2
115832,0
115587,0
112393,0
119627,0
116088,0
113701,0
116091,0
112130,0
115834,0
115844,0
117089,0
113183,0
113433,0
111206,0
120008,0
116601,0
115833,0
113947,0
117991,0
111681,2
117789,0
118205,4
111662,0
119031,0
115296,4
111432,0
116346,0
113968,0
111666,0
117099,2
112902,0
112141,0
115029,0
111661,0
104447,1
106535,0
107275,0
109744,0
112056,0
104888,0
109013,0
113319,0
103587,0
114661,0
108773,0
110433,0
106999,0
109005,2
112548,6
109247,2
108528,0
111563,0
106763,0
108741,0
111091,0
107780,0
108994,0
108992,0
104658,2
104880,1
105806,0
111323,0
105579,0
108521,0
107543,0
111807,0
104002,0
108269,0
108041,0
109498,0
104666,1
104433,0
107002,0
112556,5
112796,3
102759,3
107509,0
114665,0
108775,0
112306,0
106285,0
111102,1
109743,0
107537,0
113850,0
110206,0
108253,0
108504,0
104660,0
108028,0
109733,0
111318,1
114939,0
104444,0
103797,0
102960,0
109267,0
109012,0
108270,0
86387,0
94170,0
97271,0
96733,0
93580,0
89207,1
94450,0
96455,0
94446,0
94167,0
93279,0
92057,0
83675,0
77990,0
79031,0
80119,1
79389,1
94551,7
100376,2
99408,0
97607,0
95972,0
98415,0
93954,0
98909,0
97354,0
99888,0
96276,0
92146,0
92779,0
95123,0
98653,0
93665,0
98908,0
100620,0
97082,0
97083,0
99641,0
97889,0
99407,0
100637,2
96286,0
93683,0
99899,5
95977,0
96277,0
101818,0
94244,0
99640,0
96541,0
98145,0
98132,0
97374,0
100383,0
96807,0
96811,0
94555,0
95698,0
97896,0
92781,0
98912,0
101112,0
96254,0
99895,0
95103,0
97869,0
98899,0
96823,0
95675,0
96835,0
96550,0
93089,2
95670,1
86447,2
35933,0
31976,0
25220,0
35446,0
32974,0
34953,0
30955,0
27861,0
33975,1
34721,0
34221,0
32242,0
29175,0
34222,0
24990,0
29708,0
36163,0
32247,0
36645,0
30731,0
26059,0
24453,0
27631,2
29188,0
39091,0
28159,0
22848,0
35683,0
33221,0
33217,0
34217,0
33238,0
30723,0
37616,0
34702,0
34707,0
26047,0
33715,0
29699,0
27630,0
30198,0
34214,0
27102,0
39576,1
32730,0
31228,0
30206,0
35199,0
32749,0
33721,0
128114,0
123387,0
128424,0
125030,1
125254,0
122549,0
123110,0
126648,0
123421,0
121612,0
129911,0
125258,0
128405,0
122687,0
127865,0
125012,2
125280,0
121759,0
124241,0
126691,0
123400,0
128993,0
122533,0
125002,4
121602,0
123722,0
122111,0
123242,0
126695,0
123254,0
123894,0
123239,0
126965,0
126362,0
123564,0
125290,0
124070,0
121764,0
124240,0
128976,0
127854,0
126074,0
125282,0
124390,0
125287,0
121600,0
127282,0
126683,0
121940,0
125797,0
123385,0
123875,0
122686,2
124597,3
122673,0
122097,0
129301,0
121411,0
127825,0
122827,0
127530,0
129290,0
125550,0
121786,0
125532,0
121784,0
125808,0
121254,0
121583,0
130204,0
125038,10
125051,1
128461,3
124823,0
122106,0
128709,0
122105,0
123423,0
126399,0
125285,0
129329,0
129926,0
126057,0
125752,0
123560,0
123896,0
125058,0
123895,0
128694,0
121765,0
122386,0
129579,0
128452,0
127796,0
122093,0
122813,0
121782,0
121936,0
122685,0
125524,0
124425,1
126665,0
128992,1
128990,0
123099,3
126392,2
126352,0
122553,0
123416,0
123742,0
122245,0
129001,0
127863,0
129315,0
121954,0
129577,0
6865,0
15629,0
8897,0
8507,2
10609,0
14086,0
12577,0
11102,0
10607,0
13565,0
10169,0
10592,0
9320,0
13567,1
7487,0
7770,0
7471,0
4037,0
2825,0
6596,0
4592,1
7185,0
3511,0
6012,0
5268,0
7452,0
8908,0
5278,0
3364,0
6038,0
5501,0
5755,0
5508,0
3513,0
6593,0
5012,0
7163,0
3205,0
5009,0
10135,0
4235,0
6882,0
4780,0
11112,0
4423,0
7486,0
5279,0
14599,0
13582,0
7784,0
6877,0
9284,0
13078,0
9722,0
11084,0
3520,0
4788,0
10627,0
6283,0
16676,0
4220,0
5511,0
14080,0
9293,0
3684,0
10621,0
6581,0
98497,0
96917,0
96672,0
96926,0
94346,2
99238,0
91941,0
92559,0
95503,0
96935,0
98758,0
94909,0
91373,0
88378,0
95202,0
99491,0
97175,1
87324,1
99237,0
98745,3
90410,0
94631,1
93490,0
95510,0
94947,0
91043,0
90421,0
96388,0
95191,0
98741,0
94662,1
98509,0
96074,1
96070,0
92251,0
98988,0
92270,0
95507,0
95783,0
95218,0
96904,0
92564,0
91965,1
90093,0
91062,0
99502,2
96394,0
86955,0
97721,0
89777,2
92868,0
92249,0
96661,0
99977,0
90762,0
94623,0
93793,0
99483,0
90440,0
94363,0
93770,0
97989,0
99008,2
93179,0
87328,0
96368,0
92584,0
97728,2
91666,1
92579,0
99004,1
96675,1
95207,0
96644,0
91349,0
90111,0
96371,0
88026,0
91971,0
93173,0
3799,0
11942,0
13446,1
15498,0
11460,2
13949,1
5683,1
17067,0
16019,0
4335,0
5425,0
5938,0
4716,0
17583,0
7376,0
6786,0
10487,0
8747,0
16027,1
5191,1
11455,2
8754,0
5190,0
11456,0
16025,0
8003,0
14462,0
6778,0
7690,0
8358,0
4948,0
9587,0
17056,1
11950,1
8359,0
16017,0
9162,0
1016,0
943,0
1216,0
372,0
1017,0
632,0
608,0
444,0
883,1
511,0
740,0
367,0
1078,0
1011,0
655,0
588,0
522,0
10380,0
102228,0
103268,1
99137,0
99848,0
102011,0
103904,0
96535,0
97074,0
100602,0
102012,0
102464,0
101785,0
102456,0
99131,0
102468,1
102886,0
104549,2
103075,0
102868,0
105678,0
104116,1
104982,0
99384,0
98114,0
104104,0
102237,0
104551,0
99603,0
101794,0
98631,0
103902,0
96525,0
104766,0
102005,0
104112,0
102444,0
101321,0
104331,0
100617,0
98368,0
102668,0
105448,1
101559,4
99863,2
102655,0
103681,0
101319,0
101089,0
103896,0
105438,0
105916,0
98369,0
99610,0
102254,0
103071,0
27367,0
34485,0
33512,0
32995,0
30971,0
26846,4
35946,1
35952,0
33008,0
24712,0
23079,0
28943,0
26324,1
19929,1
22545,0
26850,0
19419,0
35962,0
25260,0
35975,0
37895,0
26293,0
33013,0
34005,0
18911,0
35456,0
30485,7
27361,2
30991,0
24179,0
24182,0
38886,0
27373,0
31499,0
34513,0
17869,0
26325,0
26296,0
22558,0
31490,0
32990,0
38384,0
36438,0
30992,0
24718,0
29960,0
30977,0
25772,0
33491,0
21493,0
29448,1
35957,0
28914,2
24722,3
19930,0
25784,2
37420,5
28909,1
38385,0
30459,0
23625,0
25225,0
27903,0
24185,0
33992,0
26849,0
25246,0
28917,2
24711,0
35454,1
24930,0
22777,0
23317,0
67405,0
69801,0
66383,0
66729,0
68769,0
68772,0
67071,0
42439,0
46106,0
50417,0
47846,0
47414,0
46556,0
46982,0
44300,2
41967,0
42434,0
49576,0
45221,0
99567,0
101261,0
101960,0
98827,3
100307,0
101503,0
99323,0
117768,0
113936,0
115532,0
121042,0
119979,0
117535,0
113923,0
116064,0
113651,1
118565,0
113665,0
115559,0
114716,1
117962,0
120163,1
119787,0
114466,0
119997,0
118364,0
116573,0
120330,0
118775,0
116052,0
114182,0
115538,0
112883,0
115533,0
117320,0
119607,0
117773,0
120003,0
116563,0
113944,0
114987,0
114998,0
114725,0
115007,2
118576,0
115291,2
118163,1
113654,1
120894,0
117774,1
116061,0
117961,0
119008,0
119208,0
113145,0
120866,0
116832,0
114483,0
119801,0
118967,0
113646,0
120185,0
121054,5
112622,0
119413,0
121426,0
116081,0
120186,0
120699,1
116579,0
114751,0
117977,0
112357,0
116314,0
120532,0
112626,0
114469,1
118362,0
117540,0
120150,0
120872,0
116577,0
114461,1
120332,0
120325,0
117552,0
113148,0
78460,0
2192,0
2098,0
1745,0
2465,0
3284,0
3447,0
2554,4
7992,0
5922,0
4701,0
13944,0
6200,0
17051,0
9563,0
9557,0
7996,0
8002,0
4147,0
13427,4
14457,0
5411,0
5409,0
4699,0
4519,0
11927,0
9143,2
5672,0
13940,0
6199,0
3965,0
17055,0
4516,0
5416,0
13934,0
10003,0
4713,0
5414,0
88003,1
93453,0
94617,0
88324,0
92540,0
90061,0
91039,0
83851,0
83159,0
81756,0
89372,0
86907,0
92225,0
84210,0
92221,0
85903,2
90720,0
90042,0
87299,0
91637,0
88355,0
94333,0
92521,3
92533,0
86586,0
88010,0
88331,2
87631,0
83518,0
86583,0
85549,0
91315,0
87298,0
88019,0
94330,0
86911,0
87664,0
95190,0
85899,2
90051,0
90714,0
92843,1
89060,0
90704,0
90684,0
92211,0
90715,0
89754,0
89753,0
92237,0
89715,0
87315,0
90066,0
87654,0
88350,1
93439,1
85227,1
90683,1
87304,1
85219,0
87651,0
87673,0
90043,0
91312,0
89028,0
85894,0
87277,0
95035,0
95313,0
96744,0
96475,0
77380,1
88881,0
83719,0
80572,0
84741,1
79859,0
80581,0
81638,0
80905,0
80578,0
81286,0
86415,0
84764,0
84055,0
83023,0
76282,0
81270,0
77743,0
80909,0
84057,0
85747,0
82683,0
79490,0
84075,0
86764,0
85767,0
82685,0
81290,0
86416,0
85429,0
80208,3
88527,0
80223,0
86778,0
83397,0
84742,0
80911,0
87142,0
78794,0
79865,4
77016,0
85099,0
78092,0
87487,0
85417,0
83384,0
68865,0
68524,0
66487,0
64066,0
65781,0
63711,0
67820,0
61840,0
67843,1
67133,0
66134,0
62996,0
63362,0
65764,0
68189,0
65111,0
61461,0
65756,0
65458,0
66117,0
62231,0
63725,0
66465,0
60313,0
66114,0
63353,0
65421,0
68847,0
69890,0
61091,0
64053,0
62264,0
61102,0
67482,0
67489,0
62241,0
65792,0
63332,0
60325,0
69538,0
61846,0
66475,0
67834,0
59937,0
64062,0
65795,0
67165,0
59934,0
61491,0
69197,0
69893,0
60317,0
67838,0
64051,0
63693,0
92915,0
95831,0
93505,0
92288,0
98005,2
98257,2
94955,5
94100,0
95820,0
94954,0
94387,0
98262,0
101903,0
95236,0
93231,5
95832,5
98766,2
97743,1
96107,0
99265,0
100726,0
93228,0
101674,1
96105,0
95531,0
95814,0
97221,0
94382,0
93218,0
99764,0
100966,0
95255,0
101212,8
100482,0
100487,0
98016,0
100008,0
93511,0
99756,0
102762,0
94665,0
93504,0
100975,0
99269,0
102558,0
43179,0
40819,0
40823,0
43169,0
39840,0
45471,0
41307,0
47222,0
46360,0
39854,0
45016,0
45916,0
39832,0
46786,0
44098,1
48527,0
41276,0
38368,0
42245,0
39850,0
41270,0
38871,0
41776,0
42243,0
39364,0
37877,0
47658,0
47224,0
26529,0
29653,0
33696,0
30162,2
32701,1
26525,2
24935,0
36147,0
36146,0
12850,0
14368,0
14374,0
15925,0
16442,0
11847,0
12855,0
18533,0
11857,0
18012,1
15921,0
10376,0
12340,0
11352,0
16972,0
62142,0
61380,0
61373,0
62135,0
59820,0
61762,0
63262,1
63616,3
62900,3
62533,0
61767,0
60599,0
59827,0
59818,0
86969,0
86249,1
86604,1
77200,0
75708,0
76462,0
86598,0
77549,0
76450,0
77209,1
80763,0
76089,0
76105,0
82170,0
76817,0
83549,0
82522,0
83583,0
84929,0
80382,0
87705,0
88057,0
79660,0
80735,0
81109,0
83567,0
84232,1
83226,0
74176,0
85912,0
77575,0
84940,0
81099,0
84607,0
83896,0
85595,0
80013,0
82518,0
79290,0
83553,2
78955,0
76108,0
80012,0
88739,0
78241,0
89451,0
86597,1
80369,4
78943,0
76460,0
88743,1
84243,0
86254,3
84950,2
84934,3
86978,0
75722,0
82515,0
89443,0
86283,2
75334,5
83231,5
88056,0
78961,0
76832,0
78957,0
86963,0
81809,0
85941,0
74164,0
86611,0
74945,0
77205,0
79651,0
88062,3
82168,1
87359,0
80373,0
86276,0
40011,0
44273,1
38539,0
39999,1
32659,0
42866,0
43815,0
41443,0
40021,0
37582,0
40480,0
33160,1
36123,2
38551,2
38047,3
34160,0
39517,0
40993,0
37578,0
34151,0
37090,0
43810,0
45636,0
40501,0
40511,1
37583,0
40007,0
38565,0
39524,0
31135,0
39530,3
39993,0
39997,0
37077,0
38562,0
1878,0
3142,0
5968,0
3145,0
4959,0
2290,0
1471,0
2476,0
2385,0
2376,0
5200,1
1621,4
2109,0
6248,4
1619,0
38355,0
39333,0
42664,0
43136,0
39808,0
42199,0
39811,0
43610,0
35926,0
33954,0
32468,0
39327,0
33467,0
105963,0
108196,0
105501,0
105248,0
102282,0
103710,0
105249,0
100154,7
100153,0
101597,0
102052,0
98673,1
103120,1
103521,1
103931,1
103960,0
106216,0
98675,0
103310,0
107176,0
102279,0
103314,0
105740,0
102920,0
102700,0
108931,0
103533,0
105478,0
106196,0
103950,0
109908,0
106459,0
104797,0
102909,0
100892,0
99425,0
104368,0
101366,0
104380,0
101361,0
99669,2
99173,0
103920,0
106212,3
103324,2
103113,0
104356,0
107182,0
101128,6
98674,5
105045,3
103326,0
103321,0
103940,0
106931,0
104596,0
100404,1
104822,0
139288,0
138380,0
139830,0
134869,0
129867,0
133627,0
140183,0
136149,0
136473,0
138949,0
138372,0
133577,0
138309,0
139259,0
130175,5
129947,0
136777,0
134861,4
138314,0
134919,0
130833,0
139840,0
135168,0
131114,0
133281,0
141338,0
137122,0
134204,3
141038,0
139860,0
139290,2
135815,0
139279,0
132087,0
133256,0
132697,0
137447,0
138918,0
140164,6
139810,0
130501,0
130478,0
134280,0
136488,0
134854,0
129929,0
134916,0
136438,0
138049,0
134604,8
136791,1
133614,2
138327,2
132358,0
138638,0
134243,0
139843,0
138942,0
138924,1
135213,0
138289,0
138037,0
141326,0
134907,2
135851,0
131408,0
139809,0
131692,0
137429,1
131460,5
139519,6
138686,0
139826,0
141662,0
135844,0
136100,0
134844,0
130497,0
138299,0
133296,0
137434,0
131141,1
138366,1
130766,0
140129,0
137116,0
139813,2
132639,1
134891,0
138319,1
137363,0
137393,0
133912,4
135219,0
137703,0
134829,0
131077,0
132660,0
141360,0
132369,0
135205,0
130216,0
135175,0
141055,1
140754,0
141082,0
138952,1
134540,1
138685,3
133284,0
136120,0
132386,0
139510,0
135170,0
134828,0
131763,0
135468,0
131413,0
132939,0
131090,0
130535,0
132055,0
132380,1
135551,0
130182,4
135553,0
137708,0
138990,0
131118,0
136814,0
132988,0
132393,0
131377,0
137073,0
132053,0
131446,0
135506,0
131463,0
137443,0
139248,0
133341,2
133312,1
135239,0
137683,0
137067,1
130505,0
134909,1
130804,1
140711,1
132394,0
137701,2
130180,0
132681,0
135532,2
141052,3
130765,0
138964,0
139236,0
136511,1
134573,0
133582,0
130186,0
140193,0
134575,2
141648,1
140472,0
132081,1
138968,2
136168,1
138374,3
138311,0
138046,0
134864,0
141371,0
131700,0
130225,0
135209,0
131125,0
69446,0
71731,0
57558,0
56727,0
54260,0
52592,0
51340,0
53428,0
52198,0
48814,0
58343,8
51346,3
49242,0
50918,0
59136,0
58754,0
56360,4
53852,1
49664,0
50087,0
59530,5
53413,0
50912,0
50073,0
48802,0
50520,0
55966,0
52180,0
56752,0
58351,0
50502,0
52599,0
55102,0
50525,0
52990,0
59504,0
50933,1
58731,0
53845,0
56759,4
54696,0
57567,0
48815,1
58333,1
54714,0
53401,0
59113,0
50936,0
49652,0
53843,0
57957,0
54247,0
53407,0
53417,0
59132,0
52991,0
56744,1
53418,0
55516,0
25934,0
23782,1
33183,1
24326,0
32684,0
30655,3
34665,0
27537,0
31657,1
22702,0
25945,5
22169,0
29083,0
30140,0
27524,0
35655,0
26464,0
24329,0
29623,0
32688,0
31648,0
29078,1
30127,9
34190,0
32174,1
36134,0
32674,0
33176,1
35155,1
37102,0
29103,5
32165,4
32669,2
23781,2
31669,0
25930,0
37107,0
39552,0
67780,0
71368,0
69816,0
69826,0
68117,0
70574,4
73300,0
74455,0
71356,0
70218,8
71357,2
70582,0
70199,0
71375,0
69463,4
69482,6
69124,0
69137,0
69486,0
73298,0
66768,0
68136,2
68126,0
70202,2
69148,0
68123,3
66773,0
70583,0
67813,0
70565,0
67460,5
70945,1
73693,1
70580,8
72535,0
70201,0
68133,0
70969,0
68135,0
329,0
1280,0
293,0
850,0
253,3
1342,0
227,0
530,0
706,0
1031,0
1436,0
1169,1
1170,0
74472,0
70256,3
79599,0
70235,0
70994,0
73340,0
68498,0
72969,0
68156,0
74102,0
77127,0
70237,0
78528,0
69160,1
73707,0
77489,0
76743,0
69506,0
76020,0
74892,0
79954,0
77117,0
76760,0
76751,2
75240,0
74479,0
76749,0
77847,2
77838,0
71382,1
71380,0
76759,0
70598,0
71015,0
77484,0
71779,0
74871,0
78186,0
75275,0
75236,3
74492,1
77114,0
80317,0
74861,0
77478,1
76748,1
72573,2
70641,2
78877,0
75624,0
69864,0
78878,0
76033,1
71004,0
70260,0
73341,0
112585,0
114707,0
123078,1
118550,0
117731,0
114695,0
116799,0
119947,0
122068,0
111615,0
111851,1
116298,1
122076,1
116546,8
118556,5
119348,0
122370,0
116299,0
119366,0
113621,0
113104,0
119763,0
120670,0
113361,0
113889,3
117943,1
120667,0
120677,2
111374,0
118747,1
117047,1
114432,1
122369,2
121577,2
116292,0
119573,0
112849,0
119154,3
111617,0
113876,0
123542,0
118945,0
114963,0
118558,0
119954,0
113097,0
117507,0
118753,0
115510,0
116550,4
115519,2
120125,9
117504,0
112095,1
122664,4
54035,0
45972,0
53211,0
57784,1
58152,0
55731,0
58571,0
58973,2
54913,1
56168,4
55312,0
59352,0
46840,0
55332,0
52414,2
46835,2
45980,0
51991,0
57773,0
52810,0
49449,3
52394,0
50737,0
48576,0
47703,1
47282,0
53646,0
54889,0
45521,2
51977,5
50293,1
52395,5
49011,0
58567,0
52806,0
53222,0
45535,0
49043,0
52814,0
46858,0
57365,0
45963,0
49874,0
54462,0
55756,0
49046,11
57368,0
49472,0
55740,0
54484,0
59348,0
51576,1
59363,0
47287,0
46864,2
51998,0
56529,0
48573,0
52415,0
53233,0
54914,0
56936,0
56137,0
53624,0
49028,0
49871,0
52002,0
57755,2
3909,1
5318,5
7248,1
7871,0
5303,1
5579,11
8580,0
3910,0
8970,0
12185,0
14171,0
3115,0
12663,0
14173,0
7235,0
9787,0
11681,0
4850,0
10226,0
4102,0
3733,0
3722,0
8179,0
17799,1
6099,1
12669,8
6947,1
11675,0
8552,0
3724,0
6373,0
8956,0
10699,0
7532,0
3111,0
15217,0
6101,0
7849,0
3920,0
5558,0
12164,0
8955,1
13663,0
15725,0
3556,0
4848,0
6653,0
3410,0
10225,0
8981,0
6958,0
8573,0
7847,0
6664,0
14188,0
8198,0
8972,0
4095,2
13176,0
8960,0
9379,0
5082,0
152433,1
150933,0
150008,0
150015,1
150708,0
150476,0
151168,0
150259,0
150481,0
2212,2
4733,0
3016,0
2886,0
9217,0
6251,0
8804,0
3627,0
6824,0
145062,2
142129,0
142745,0
144200,0
136327,0
131940,0
138212,1
145060,3
137307,8
131320,11
138545,0
143330,0
135736,0
142140,0
137288,0
145619,0
131624,0
138825,0
133809,0
140340,0
132883,0
139771,0
137624,0
137284,0
145052,0
131932,0
146157,2
134462,3
137308,2
136670,1
136351,0
141248,2
143618,0
131626,4
138538,0
138238,0
139443,0
138510,0
139145,0
141559,0
140364,0
139114,0
143026,0
135074,1
141829,2
133188,0
139138,0
133804,0
139129,2
135384,0
132564,10
136374,0
135077,0
135397,0
136964,0
132555,0
140373,4
132249,7
143617,0
146694,0
137290,0
136686,1
130703,2
142710,0
143917,0
138217,0
144772,0
137629,0
139425,0
138219,0
141844,0
140031,0
134456,0
142734,1
137600,0
146697,0
139765,0
132563,0
137914,0
133503,0
141539,0
140959,5
140360,0
134147,2
139442,0
134129,0
134452,0
141827,0
136692,0
135399,0
140647,0
144202,0
140943,0
132247,1
141523,0
143600,0
7025,0
19631,0
20670,1
11396,0
22229,0
17551,0
11900,0
9520,0
17027,0
14932,0
16501,0
11400,0
8692,0
19112,0
13918,2
17026,0
23302,5
11901,0
10418,3
12885,0
10404,2
9951,2
9955,7
16498,0
20145,0
10420,0
5628,0
13404,0
15453,0
5635,0
20671,0
18594,0
8305,3
9504,1
9518,2
6737,9
9110,4
9096,0
19111,0
4902,0
7044,0
9966,1
4696,0
17036,0
4693,0
5393,0
5914,0
3607,0
5912,4
9531,0
12403,0
10430,4
15990,0
9973,0
17565,0
13924,0
5156,0
4915,1
75889,0
71694,0
73207,0
75893,0
74745,0
76244,0
78072,0
71665,5
70887,1
76614,0
73606,0
72823,1
72818,0
75145,0
78068,0
73595,4
78761,0
70130,0
75501,0
72462,0
74746,0
76994,7
70877,6
75915,2
74362,0
76637,0
72074,4
76643,0
73607,0
76995,0
78778,0
77370,0
79111,0
78082,0
72850,1
75125,0
69765,0
79473,0
75535,0
74737,0
71657,0
74730,0
78762,0
71671,3
76625,0
77368,0
137480,0
138083,1
131192,0
134615,1
128799,0
136842,2
131789,9
130590,9
133697,0
134636,1
129967,1
130246,1
138695,0
134643,0
133372,4
133980,0
135887,0
137146,0
136517,0
133998,0
138090,0
136213,0
134304,0
131485,1
134927,0
130555,0
131821,0
129370,0
137182,7
128780,2
129090,0
134022,1
131161,2
129665,1
134954,0
128484,0
133663,0
129101,0
126447,1
132415,0
136531,0
132088,0
134609,0
129977,0
128216,9
133695,0
129103,0
137790,0
137149,2
130544,0
133364,3
128785,0
135251,8
132405,0
130872,0
133665,0
137479,0
130253,0
136518,7
131788,0
132745,0
136515,0
130274,0
137160,0
135574,0
131203,0
129686,2
133365,0
134292,8
135923,1
134972,0
135576,0
134337,1
131486,0
129689,0
139018,0
130884,1
129968,0
128212,0
130877,0
137186,0
131786,0
134622,0
128486,0
131188,0
138711,0
131808,0
136868,0
1481,0
115877,0
115070,1
116399,0
113721,0
109647,0
110984,1
114261,0
114530,0
111697,0
111695,0
113740,0
115069,0
109159,2
113714,1
117358,1
112667,8
115873,4
113732,0
109637,0
115613,0
111450,0
113210,0
117114,0
112441,1
112167,0
109403,0
110547,0
112941,0
112160,0
110359,0
111245,0
110111,0
110560,0
112681,0
113735,0
109897,0
113737,0
116149,0
112173,0
111011,0
116144,8
112685,0
116874,0
117583,0
110774,1
110325,0
114809,6
110569,0
111017,0
111714,0
114533,0
112411,0
107919,0
107400,0
111465,0
111475,0
109156,0
110794,0
109163,0
114800,0
115625,1
118826,0
2150,0
4249,0
2252,1
3548,1
1279,1
6056,1
4247,8
2067,0
4070,0
1768,0
2245,0
2719,1
1969,2
2835,0
1553,0
5784,0
2527,4
6331,0
3376,0
19897,0
18876,2
11214,0
19387,0
34926,0
26767,1
17835,0
20934,0
23592,0
23045,2
16798,0
29390,0
27297,0
20936,0
35890,0
30413,0
27831,0
26264,2
24108,5
13187,0
32439,1
25726,0
23058,6
35408,0
18365,0
33434,1
35901,0
35407,0
26764,0
32936,0
27828,0
14222,1
35903,0
20425,2
13701,1
14720,0
29908,1
18368,5
19385,0
25713,0
27311,0
21993,0
22518,0
35413,0
20428,1
23037,0
19384,0
17840,0
34933,5
17316,0
11710,2
33927,2
15249,1
26780,0
24121,0
21479,0
24104,0
13709,1
19888,0
27295,2
23048,0
21980,0
27306,0
32942,0
20949,0
18356,2
17313,4
117690,0
119313,0
120976,2
120264,1
117003,1
114660,2
116490,1
120086,0
113569,0
114370,0
118289,0
118679,0
118310,0
122600,0
117465,0
121317,0
116232,0
120072,7
117906,2
117227,2
119300,0
115708,0
114902,0
118906,0
120061,1
113051,4
117879,1
120237,0
120064,0
119876,0
122744,0
118881,0
118085,0
117464,0
114650,0
117891,0
120256,0
116727,1
118497,0
117857,3
122307,5
115469,0
119316,4
120056,1
115437,0
120258,0
114096,0
116233,2
113549,0
119711,0
120615,0
113579,0
116489,0
117439,0
119888,0
122159,0
114373,0
120619,0
116511,0
118711,0
116726,0
117650,0
118283,0
116736,0
116731,0
117858,2
116503,3
116505,0
120063,1
114925,0
116220,0
119110,0
116470,0
117461,3
117885,0
120077,0
117644,0
116752,2
115703,4
117856,0
117875,0
114897,0
118103,0
116221,1
117193,2
75442,0
78351,2
74298,1
79775,0
78705,0
74290,0
79422,0
74674,0
76935,0
76561,0
75810,0
77648,0
74291,0
76184,2
75061,0
79057,0
77652,0
78717,1
75441,1
76558,0
25,1
23901,0
24965,0
31209,1
14528,0
28647,0
26541,0
18160,0
28130,1
32217,0
21765,5
30184,0
29153,0
28128,0
20218,2
21244,0
20742,0
15047,0
16084,0
24444,2
22299,1
21779,0
21781,0
22281,1
20727,0
23906,0
22285,0
25506,0
21762,0
30697,0
18149,0
29669,1
21253,4
15040,1
27597,0
28111,0
12008,0
20225,1
30690,0
19685,0
23366,0
30185,1
116429,0
121968,0
119047,0
118651,1
118457,0
113512,1
112970,1
120741,0
111737,0
115640,0
113246,0
118449,1
117386,0
114301,0
116932,0
111978,1
121092,0
112463,0
114031,0
114311,0
116912,0
116193,0
114594,0
116909,2
114857,0
119051,0
115134,0
117154,0
118241,3
116157,0
115119,1
115636,0
118244,0
113497,0
116685,0
112206,0
113254,0
114050,0
116937,2
115637,5
112988,1
117637,0
113230,0
120562,0
118448,1
112727,2
113752,0
120205,0
119664,0
115656,0
115111,0
117852,0
111739,0
117629,1
112974,3
117400,0
115383,0
118846,0
88548,0
60959,0
64626,0
64645,1
66007,0
67382,0
64289,0
62094,0
64638,0
68066,1
60158,0
69412,0
60961,0
65333,0
64293,0
66018,1
63571,0
59771,0
63200,0
68072,6
59780,1
62097,0
59772,0
63936,0
65330,0
68404,0
66363,0
63218,0
62098,0
68743,0
33707,1
30170,0
31189,1
31704,0
32211,0
63625,0
108354,0
108353,4
109849,3
106842,0
104729,7
107864,2
108355,0
101748,0
102202,0
110094,0
101526,0
103224,0
105402,0
111422,0
108135,0
107620,0
109606,1
102827,0
104726,0
107627,2
110077,0
107872,0
106110,7
102615,0
111181,1
108124,0
104287,0
104288,4
102193,0
110956,0
103437,0
108373,0
110307,0
106851,0
104070,1
107097,0
108597,1
103236,3
104286,0
136322,5
125167,0
130392,0
136317,0
126531,0
129755,0
127422,0
127440,0
132221,1
128598,0
132847,8
130104,3
126561,3
133451,3
125955,2
129774,1
130067,0
132826,0
128612,0
127118,0
133787,0
135051,0
126266,0
138193,0
134717,0
135675,7
132239,0
128330,1
129798,7
127410,1
131884,1
132832,0
130086,5
132212,0
133482,0
129507,0
132825,0
131911,0
127124,0
127144,2
134730,0
129509,0
132525,3
128605,2
128615,0
129500,0
135366,0
130996,0
131920,0
128596,0
133168,0
132850,3
127701,0
133486,0
135682,4
130095,0
131916,4
125961,0
127709,0
130070,0
124713,0
129775,1
124924,0
131261,0
125671,0
129490,1
130362,0
126257,0
133472,0
131925,0
126847,0
136638,0
127130,0
128892,0
135994,0
133779,0
131900,0
130063,0
133159,0
133455,0
132205,2
128595,5
134734,0
131883,0
127736,0
130080,1
126562,0
129781,0
1696,7
3438,3
3950,0
42007,1
50874,0
46585,0
48757,0
49612,0
45692,0
45717,0
46150,0
46163,0
45724,1
47004,0
47461,2
45714,0
45720,0
47882,1
50043,0
50449,0
47448,0
41067,4
46586,0
48319,0
47427,0
43431,0
44801,0
47873,0
47892,0
43881,0
47891,2
47444,3
51710,1
47019,0
51307,1
47452,0
44816,0
51301,0
46161,0
50064,0
50062,0
47018,0
48316,0
46994,0
820,0
1268,0
1715,0
1204,0
2124,0
996,1
1269,1
1267,0
931,0
2573,0
53333,0
51684,0
50851,0
50015,0
50850,0
52528,0
52918,0
52113,0
49154,1
52515,3
51260,7
52096,1
50855,3
53764,0
48287,0
52922,0
53331,0
50004,8
52517,2
23846,0
23842,0
82002,0
83055,0
85772,0
82702,0
82351,2
86784,0
6803,0
15009,0
11980,0
20166,0
9186,0
9194,0
11974,0
7082,0
16045,0
10039,0
5958,0
13968,0
6517,0
7405,3
20174,0
11966,1
8040,2
23326,3
14485,0
19136,2
16567,2
17079,0
11963,0
18623,0
18117,0
20692,1
19135,1
20697,0
10049,0
7094,0
12961,0
21213,0
14497,1
18635,0
13976,0
14493,0
12461,5
74797,0
59379,4
52446,1
50347,0
52032,1
57399,0
56996,0
53241,1
59386,1
52041,0
53275,0
56988,0
57396,0
48173,4
53689,1
52423,1
52827,0
57811,0
53681,0
56976,0
53662,0
54497,0
58998,0
59391,0
48626,0
58583,6
53690,1
54110,0
54099,2
54525,1
54501,0
52849,5
51168,0
59380,2
56981,0
55387,0
51172,0
48616,0
49915,0
51610,0
55769,0
56180,0
54965,0
51590,5
54086,1
54929,1
51602,3
54508,0
49914,0
147513,0
148544,1
139787,0
148799,0
145350,0
145348,0
149301,0
140383,0
144223,0
147243,0
145363,0
140686,0
141869,0
142758,0
148030,0
144794,0
147786,1
143630,0
145896,0
143929,0
143941,0
148299,0
140381,0
142752,0
142756,0
144817,0
140676,0
143954,0
143652,0
140692,0
143958,1
142783,1
139773,0
139479,1
141579,0
144234,0
148815,0
142173,0
141863,0
143362,0
147242,0
147511,0
147001,0
143337,0
140079,0
142187,0
146189,0
141575,0
145893,4
144804,8
140991,0
145926,3
141864,5
145080,1
141887,0
143943,0
140086,0
140999,0
141865,0
124375,0
81662,0
89345,0
94566,0
94280,0
92188,0
90634,4
92790,1
90311,0
86505,0
97119,0
86155,0
93403,0
93417,0
88298,0
90983,0
90950,0
94289,0
90993,0
92474,0
91867,9
92493,0
92798,0
88968,0
89317,0
84824,0
93396,0
94277,0
91283,0
86511,0
94288,0
91574,0
85819,0
93109,4
93699,2
86861,0
90991,0
96579,0
88283,0
91878,0
92812,0
90631,0
90008,0
92179,0
86498,2
89695,4
89327,0
86877,0
87584,0
90015,0
87592,0
91876,0
92475,0
93705,0
86160,0
91287,0
93999,0
91864,0
66513,0
59979,0
71846,3
72629,0
65157,0
66849,3
68547,0
62654,0
65489,0
62291,0
63763,0
61918,0
66157,0
61147,0
60757,0
61154,0
65462,0
68232,0
64441,0
70676,0
68570,0
71458,0
66529,1
66839,6
65140,1
66869,3
69901,0
64819,2
60374,1
63019,0
72239,11
62297,0
60363,0
66495,0
59954,0
65125,0
63761,0
68227,0
66528,0
61141,0
63397,0
64448,0
62300,0
63398,0
61135,0
71847,3
68883,7
69208,1
66502,3
66145,0
63047,0
61502,0
67516,0
66843,0
71047,1
64101,0
65135,0
65810,0
66504,0
60752,0
67534,0
64801,0
65820,0
70677,0
68222,0
66153,0
68544,0
150292,0
145171,0
148151,0
145388,0
150306,0
148914,0
150316,0
149092,0
148621,0
147034,0
148102,0
144606,0
144018,0
146256,0
141988,0
146800,0
142290,0
148386,0
144307,1
143439,0
149088,0
147054,0
144041,0
149167,0
142219,1
142544,0
145112,0
145935,0
146557,0
143703,0
149639,0
143132,0
142253,0
143689,0
150350,0
146271,0
148370,0
144046,0
141921,0
142235,5
150357,1
148589,4
143141,1
150811,0
150082,0
147600,0
147816,0
146276,0
150530,0
143390,0
147019,0
146755,0
144624,0
143681,0
150536,1
149307,0
149163,0
148397,0
141604,0
141998,0
148384,0
145686,0
145959,0
147621,0
145960,0
147572,0
147906,0
146785,0
149553,0
150307,0
148923,0
142566,0
142581,0
143157,1
141948,0
151011,2
147369,1
142275,0
145667,0
149644,0
149324,9
147303,0
150516,0
147068,0
150787,0
145412,0
147873,0
144299,0
144274,0
149117,0
142559,0
146734,0
143993,0
148833,0
144858,0
143995,0
148853,0
147353,0
148130,0
142876,0
144327,0
145931,0
145711,3
149364,0
149395,1
143971,10
142583,0
148875,7
146769,1
144611,0
142843,2
146485,0
144850,0
146465,0
148078,0
148402,0
149826,0
150764,0
145200,0
148085,0
148401,0
141930,0
144579,0
143087,1
150324,2
148612,3
141698,1
150578,4
143721,0
145751,4
141622,5
150561,0
150074,0
143112,0
143410,0
145689,0
150075,0
144336,0
149111,0
147543,0
148334,0
146740,0
148579,0
141897,1
150095,4
148827,0
150310,0
143960,0
141925,0
143105,0
142529,0
141691,0
143379,0
149899,0
146257,2
146548,0
141954,0
150361,0
146296,6
145178,3
144350,1
141673,4
145130,0
148381,4
148398,0
145728,0
149160,0
145995,0
145478,0
141918,0
143719,3
147301,0
145404,0
145965,0
141975,0
145127,0
150772,0
148129,0
148624,0
144883,0
149076,1
149376,3
143674,0
149583,0
148111,1
148136,1
145113,3
141305,0
144589,0
42895,0
42417,0
46543,0
41474,0
36478,0
22054,0
25272,0
21522,0
24752,0
38933,0
31526,0
31547,0
31525,2
34543,0
27392,1
27922,2
25281,0
29461,0
28977,0
36006,0
30002,0
36000,0
29495,0
40365,0
31026,0
21524,0
37448,8
39888,0
21514,0
33538,0
38909,1
31517,0
35530,0
26875,0
31548,0
33027,0
30507,0
23652,0
32039,0
41329,0
28446,0
29989,0
24193,0
22043,0
32029,0
21519,0
41810,0
33518,0
23659,3
32536,1
36974,1
34029,1
27939,7
36961,0
34043,0
39882,0
31003,0
30514,0
38925,0
28448,5
27937,0
32023,0
19955,0
25832,0
27927,0
38438,9
32034,0
27411,0
41322,0
33030,0
28950,0
34533,0
36948,0
37430,0
35036,0
30492,0
32054,0
25277,0
39900,0
25822,5
27410,0
33553,0
40847,0
40858,0
79181,0
74057,0
71740,0
80624,1
74820,1
75609,0
75602,0
80998,0
79545,0
80268,0
75208,0
79555,0
78824,0
77063,0
71739,0
74440,0
77443,0
78499,0
74841,0
79192,0
77778,1
78477,5
79196,0
77062,0
75217,0
79916,0
73290,0
78823,0
78834,0
73288,3
77794,0
78849,0
78130,0
79553,0
73291,0
80991,4
77067,1
78848,0
77072,5
20159,5
151282,8
151177,0
152139,0
152474,0
152348,0
151888,0
153585,0
151866,0
151722,0
152083,10
153215,0
151929,0
151042,0
151724,1
151675,8
152695,0
153596,0
151926,0
152840,0
150968,0
152465,0
153855,0
152337,0
153069,10
150949,0
153015,0
153078,0
153468,0
152322,0
151677,4
151462,3
151824,3
151889,0
151505,0
151699,0
153113,0
152882,0
152924,4
153458,0
152938,0
151614,0
152675,0
151036,0
151476,4
153303,0
152092,0
151829,0
153430,0
150960,0
153242,0
151839,0
151666,0
153448,0
152638,0
153298,2
151618,2
151460,5
152682,1
153604,0
152916,3
152637,0
152271,0
153874,0
151673,0
152481,0
151713,0
154011,0
152827,1
153248,0
153432,0
152684,3
152442,5
152336,2
150264,3
151399,1
153438,0
152329,4
153410,5
153995,0
152527,4
151667,0
152653,0
153997,0
154360,0
153093,0
150965,0
153411,0
152037,0
151225,0
151207,0
150493,0
151628,0
150723,0
153045,0
150828,6
138864,3
77761,4
87867,0
70813,0
64588,0
67677,0
71979,0
70801,0
65259,0
73143,0
61644,0
62409,0
69361,0
64561,0
65609,2
60490,3
72002,0
65274,0
61650,0
69371,0
73142,0
64941,0
72013,0
70799,0
72777,1
65936,1
72012,0
62436,0
71199,0
62405,0
66994,0
69374,0
65954,0
64247,0
72371,0
59702,1
66310,0
69019,0
60094,2
59704,0
62810,0
62817,0
63155,0
64578,0
63513,0
68350,0
63179,0
69370,0
73136,0
67680,1
60905,0
67660,0
60481,0
68696,1
68007,0
68351,0
70047,0
70435,0
66299,0
68370,0
59711,0
62427,0
73890,0
73512,0
62425,0
64236,1
69022,1
72759,0
68016,1
71598,0
68341,0
68333,0
70429,0
64585,0
70433,0
62811,3
70824,0
68028,1
70392,0
69664,0
62379,0
69329,0
59670,0
60454,0
64202,1
70782,0
70777,0
68332,0
60051,0
66612,3
60862,0
60462,0
67986,6
69675,5
61621,0
61234,9
70776,0
68667,0
66262,0
65235,0
65915,0
60860,0
71959,0
71164,0
62386,0
62765,4
60064,0
70030,0
16826,0
16828,0
11730,0
7556,0
12721,0
15779,0
8989,0
9402,0
13720,0
7876,1
16301,0
14011,0
12989,0
23329,0
23881,0
10513,0
20704,0
23346,0
16582,0
10530,0
14511,0
10529,0
18143,1
12492,0
26011,1
18134,0
7727,0
15035,0
11513,0
15543,0
14500,0
13489,0
15037,4
17101,0
8406,0
15551,1
11494,0
19164,0
19672,0
25476,0
11983,0
23337,0
19159,0
27584,2
10527,0
15556,0
11497,0
8405,0
9208,0
9634,0
12486,0
25480,0
50961,0
57198,5
47098,5
53896,0
47112,1
51374,0
58406,0
58402,0
47086,0
46247,1
59559,0
48845,0
47963,0
58001,0
45348,0
45356,0
55168,0
50555,2
46223,1
47110,0
46660,0
57600,0
59557,0
47089,0
47099,0
49274,0
51819,0
58797,0
47080,0
59563,0
52217,0
56396,0
56767,0
56381,0
56364,0
53039,0
49718,0
59561,0
54298,0
55981,0
54324,0
50562,0
56774,0
55997,0
54288,0
57182,0
47095,0
52234,0
53063,0
52646,0
53466,0
53042,0
49256,0
58393,1
55558,0
47980,0
57597,4
53049,0
47537,0
46671,0
49715,0
51394,0
46673,0
50110,0
59191,0
53465,0
52250,0
56768,0
56803,1
46226,6
73054,0
77249,10
61601,0
62355,0
73464,0
68619,0
64176,0
73826,0
75748,0
70369,3
60829,3
76517,0
71525,0
67938,0
68955,0
74588,0
60439,0
66931,0
67622,0
70355,0
65896,0
69992,0
61218,0
70747,0
66241,0
75746,5
74606,0
74207,0
61582,0
74993,0
62728,0
67608,0
60042,0
71137,0
66938,0
70377,0
69989,0
64188,4
71533,0
76872,0
62749,0
68648,0
63450,0
60842,0
71500,0
60817,0
64870,0
63456,0
62737,0
67287,3
60418,0
65206,0
68957,0
77243,1
71504,0
73831,0
73451,0
69651,0
68624,0
68640,0
68630,0
71534,0
72703,0
75385,3
62758,0
66256,0
70002,0
71119,0
67625,0
66254,0
66597,0
61211,0
70752,0
67631,0
74213,0
74988,1
67943,1
63464,4
67278,0
65572,0
70365,0
75006,0
63107,0
46292,0
51015,0
58036,0
50604,0
51851,0
43524,0
49311,0
44456,0
51440,0
47987,0
51010,0
59201,0
49307,1
58805,0
59615,0
54782,0
57228,0
53905,0
59212,0
44019,0
44460,0
59611,0
50187,4
56436,1
48871,0
42606,0
47587,0
47148,0
44915,0
47991,0
43076,0
51426,0
53067,1
43997,0
43532,0
52678,0
50158,0
52659,0
42594,0
47564,0
44002,1
53093,0
45391,0
49728,0
49759,2
47998,1
51434,1
59198,1
53094,0
45394,0
48872,0
50603,2
45818,0
54765,0
55602,0
58418,0
41658,0
46266,0
57658,0
58042,0
53486,8
43991,0
54771,0
47566,0
58410,0
55190,0
48870,0
55203,0
51855,0
48017,0
54341,0
47134,0
47995,0
52671,0
56844,1
51017,0
44010,0
47150,0
54355,0
53090,0
47142,0
64674,0
119166,0
14569,0
17696,0
18195,0
20775,0
19721,1
26603,0
15598,0
23926,0
13036,0
12544,5
18708,7
18183,5
21801,2
14581,0
22326,0
13027,5
22864,0
13539,0
19224,0
15103,0
14052,0
17666,0
16128,1
22852,0
15095,0
20791,0
18733,0
20253,0
21284,0
24475,0
20757,0
16666,0
26066,0
19755,0
25541,0
15107,0
19736,0
13536,0
14567,2
22344,0
8097,0
13044,0
9269,0
13031,0
8861,0
21293,0
15098,1
23399,0
16658,0
27128,0
9687,0
13047,0
19230,0
17678,0
18212,0
12048,0
20163,0
38675,1
44388,5
38662,0
44372,0
46181,0
35267,0
34787,0
44861,0
43442,2
49216,1
40607,0
37204,0
35761,0
47053,0
39156,10
35270,0
45729,0
45302,0
40587,0
42980,0
42998,0
41581,3
40104,0
46175,0
40620,0
46210,0
35754,0
45311,0
37202,1
46204,2
45281,1
42505,0
39635,0
44827,0
47480,0
39172,0
44862,0
47918,0
46177,0
40130,0
47059,0
42049,0
42531,0
42028,0
37688,0
39149,0
41083,0
45760,0
46192,1
37691,0
39644,0
43915,1
47913,4
66056,0
65024,0
65028,0
67082,0
66397,0
65709,2
84025,0
80134,0
80492,5
81218,1
83333,0
84024,0
74778,0
75553,2
72888,5
75164,0
73646,0
73256,0
74018,0
72120,1
77389,0
74399,0
74396,1
77035,0
70928,1
75170,0
95029,0
93894,0
41530,0
36659,2
30738,0
41059,0
45232,1
41044,2
42446,0
39591,0
33746,0
37168,0
34247,0
43398,0
36663,0
41520,0
44780,4
42938,3
38639,0
41993,1
40096,0
38613,0
37641,1
41508,4
40555,0
38140,0
38608,0
37657,0
38606,3
41514,0
41991,0
31248,0
31753,0
41518,0
38122,2
45234,0
38641,0
37156,0
32256,0
36204,0
31750,4
37661,2
36682,0
14348,0
17974,0
18529,0
17979,0
14344,0
15912,0
19553,0
24847,0
16402,8
22669,0
19046,7
18512,0
22692,0
19017,0
16952,0
11835,0
19049,6
15903,1
14333,1
24853,0
15370,0
17475,1
19008,0
13843,0
20578,0
23224,0
13835,0
26454,0
18003,0
15884,0
15364,0
23761,0
20067,0
9485,0
21614,0
16399,0
15905,0
17989,0
13306,0
28557,0
18491,0
9486,5
12829,6
12332,0
23228,0
22154,0
25914,0
22159,0
25394,0
12833,0
12828,0
19561,0
72861,0
69773,0
69799,0
65343,2
69102,2
75538,0
74388,0
72111,0
71706,0
70141,0
71709,0
69782,11
67397,0
68752,0
70901,0
72492,0
68082,0
69780,0
69088,0
69096,2
76596,0
71650,0
76214,0
79432,0
71648,0
73167,0
79441,0
78754,0
73158,0
79070,0
76234,0
76590,0
72410,0
75858,0
77321,0
77670,0
76222,0
78738,0
74338,0
79784,2
72796,0
72431,0
81946,0
81247,4
79091,2
75847,0
78058,0
79809,0
79074,0
81255,0
75856,0
75110,0
82989,1
72424,4
82279,3
81256,0
74688,0
75855,0
82634,0
79430,0
73568,0
73548,0
74705,0
79071,1
77344,0
81940,0
79799,0
80860,0
76938,0
74701,0
76959,0
83339,0
78374,0
82636,0
79428,0
79078,0
72029,0
78732,0
75467,0
76226,11
72810,7
79465,0
3328,0
2241,0
2808,0
2312,3
5732,6
4764,0
3316,0
3056,0
3053,0
3337,0
1956,0
5485,0
2898,0
3666,9
3063,0
4568,0
2928,0
2316,4
2517,7
2327,0
2915,4
3653,0
2784,0
2397,0
2488,10
2811,0
2575,0
2667,0
6562,0
2046,0
4767,0
2310,0
2922,0
5480,0
2144,0
3184,0
2685,0
3670,5
41219,0
53532,1
41687,0
42623,0
48938,0
46753,0
52722,0
57267,0
44952,0
53941,2
43088,6
58059,1
46329,0
53976,2
43097,0
58858,0
38792,4
52728,1
51885,4
51046,9
52302,1
40724,0
56449,0
46298,0
44059,0
47604,0
39776,0
47192,0
40725,6
47178,0
41204,0
54826,0
47158,0
51886,0
50623,0
41690,0
42175,0
55234,1
43582,0
46737,0
53525,0
44040,0
57677,0
40711,0
53108,0
51069,1
56847,0
43561,0
50617,0
52299,0
53110,0
54392,0
44965,0
40255,0
46745,0
56463,4
41704,8
43594,7
45859,0
48027,0
56862,0
47615,0
54803,0
58473,0
40235,1
51905,4
39290,8
59256,0
56854,0
48058,0
59237,0
37813,0
50639,0
50638,0
47599,0
54373,5
53950,7
48042,2
56056,2
50215,5
48939,5
51900,6
39770,0
52699,0
43098,0
63194,0
65311,0
60523,1
60139,0
64267,0
65654,0
62084,0
60920,0
67709,0
67710,0
65627,0
70109,0
69733,1
61683,0
65998,0
69734,0
71629,0
65983,0
70480,0
67038,1
60542,0
65637,0
66334,0
65646,5
63552,2
68723,0
70090,0
60937,0
65632,0
71218,0
60927,0
65312,0
72016,0
63900,0
72403,0
68038,0
63550,1
65626,0
65970,1
69391,0
66673,0
69727,0
67704,0
61690,0
62085,0
65313,0
70113,0
67354,0
69063,5
62830,0
71625,0
99827,0
101516,0
99332,0
100809,0
92390,0
100806,0
91185,0
100070,0
99580,0
94191,0
95616,0
97554,0
91786,0
99339,0
101044,0
96761,0
96203,0
100074,0
101518,2
99579,0
93900,0
96754,0
99826,0
96194,0
90876,0
101515,0
98076,0
92076,0
95333,3
30761,0
29222,0
27131,0
32798,0
31804,0
33788,0
21836,1
31780,0
32311,0
29733,3
23972,0
29231,3
25558,1
19249,0
29744,0
23421,0
28172,0
35235,0
28724,0
29717,0
31797,0
34777,0
27138,0
34765,0
34752,0
29217,0
25565,4
33261,0
20802,0
36686,0
31254,0
27668,0
34277,0
26637,0
39623,0
28727,0
22358,0
29226,0
32812,0
37182,0
27665,0
31763,0
29220,0
32811,0
28702,0
35232,0
36704,0
20278,0
34750,0
26635,0
26622,0
37190,0
28187,0
30757,0
32301,0
29731,0
120664,0
9136,0
9129,0
12906,6
9124,0
9128,0
10924,0
10449,0
10450,0
127304,0
125838,0
127024,0
125839,0
125581,0
128179,0
125064,2
125564,2
126719,0
127595,0
120552,0
127014,0
120370,0
125304,1
125855,0
127016,0
127020,2
126722,0
126726,0
120010,0
120553,0
141434,0
144676,0
148450,0
142307,0
148703,0
143496,0
147154,0
146574,2
140234,1
143482,0
147112,0
148436,0
139937,0
148167,0
146581,0
144109,0
140820,0
147921,1
144947,1
143783,0
148694,0
139655,0
139043,0
139633,0
139926,0
141727,0
147416,1
144966,0
146350,0
145225,0
146606,1
149429,0
148171,1
140559,0
146328,1
141721,0
143530,0
144387,0
142298,0
137816,0
140808,0
140228,0
146329,0
137818,1
147418,2
138719,0
144370,1
138114,0
145785,1
146063,1
148451,0
139048,0
147943,0
146867,0
147930,0
145250,0
141152,0
142033,0
141414,0
143235,0
146617,0
140530,1
147407,0
141141,0
141447,3
145507,0
144118,0
147645,0
145797,0
142917,0
144110,0
146311,0
141433,3
143497,0
147393,0
147420,0
143193,0
146327,0
142011,0
143811,0
138728,0
141440,0
143217,0
148943,0
137821,0
147656,0
145521,0
139628,0
139631,0
142891,0
144085,2
144115,1
142893,1
6722,0
6150,4
9905,0
9053,0
7936,0
7619,0
5617,1
10825,0
10352,0
7941,0
6139,0
12296,0
17964,1
14831,1
6430,0
5882,0
9045,1
11805,0
13801,3
11312,0
14827,0
13814,0
7609,0
15346,1
9903,2
8266,0
10806,1
14826,1
11800,2
7002,6
38594,0
37602,0
40523,0
39565,0
37601,0
37605,0
35667,0
39555,0
35665,0
126585,0
131647,0
124761,0
132591,2
122511,0
121730,0
126884,2
122356,3
136063,0
122213,0
129851,4
132577,0
124750,0
127203,0
122790,1
129241,0
127465,0
125738,2
130414,0
130419,0
134791,0
121731,0
133217,0
123362,3
123221,0
134481,0
132894,1
128667,0
131020,0
122355,0
130137,0
126294,0
127475,0
130122,0
126299,0
135113,0
125479,2
122796,0
123370,1
131646,0
131028,0
123065,4
124359,0
122216,0
128952,3
124361,2
127464,0
125480,0
122938,0
129557,0
124355,0
124545,0
132594,0
124988,9
132286,2
134165,0
124976,4
124370,5
128651,2
133214,1
122924,0
122936,0
125219,0
129842,3
127771,4
128062,0
126021,0
133226,0
129852,0
128078,0
133210,0
123533,1
123061,0
124176,0
91480,0
86103,0
88204,0
26,1
4296,2
3426,5
4487,0
3128,0
2749,0
2546,1
3429,5
5128,0
4117,0
69278,1
65851,7
64836,0
65532,0
66188,0
66897,0
71086,0
74182,0
68611,4
62707,0
62702,0
64831,0
74184,1
73802,2
74194,0
72274,0
65522,0
70307,0
60787,0
63427,0
60388,1
62345,0
64151,1
68609,3
69595,0
60383,0
66901,0
61948,0
67586,0
60398,1
69939,0
66883,0
72665,0
61177,0
68239,0
61172,0
67220,4
69242,0
61942,0
64828,0
68245,2
62339,4
73041,3
63075,0
60402,0
61573,0
67593,0
60780,0
72267,1
67936,0
65520,0
62318,0
64159,0
61926,0
65849,0
69609,0
65535,0
68254,0
64160,0
63090,0
68266,2
66191,0
73035,3
67905,0
70313,0
61181,0
68260,0
65841,0
63774,0
72265,4
62308,0
63440,1
67574,0
61166,0
72668,0
71481,1
60811,0
69250,3
62328,1
124198,3
713,0
98691,3
96027,0
98450,0
97683,1
96884,1
97656,0
100900,1
97155,5
98440,0
97659,1
97912,5
96585,1
97929,0
100662,0
98710,0
98189,0
95154,2
97672,0
97430,0
95749,0
100173,0
96342,0
97153,0
94019,3
99182,0
91600,1
96879,0
94316,1
97649,1
98714,0
98695,0
99189,0
91896,0
97386,0
98183,0
97908,1
95741,3
98180,2
96868,0
99942,1
100663,0
98707,0
96621,1
96889,0
94598,0
96887,0
101618,0
97668,1
100414,0
99923,0
96346,0
92199,1
97932,0
96020,0
90882,0
90267,2
89600,3
91788,0
96502,0
98851,0
89607,0
90884,0
98080,2
97049,1
96223,0
91792,6
96773,0
88912,0
88907,0
95625,0
87521,0
91490,0
88562,0
92394,5
91499,3
99829,0
90581,3
95353,0
92707,0
96511,0
90898,0
97574,1
91200,2
91197,0
89945,0
97823,0
91192,2
92721,2
96771,0
7922,1
6408,6
4872,5
6134,0
5610,0
5102,0
6985,4
6133,0
5869,0
70930,0
9556,0
60625,0
71027,4
76448,2
81060,2
75311,1
74916,1
76774,2
81428,0
73739,0
78560,0
71434,0
75280,0
80712,3
82489,3
73377,0
72596,0
78927,2
77887,0
71422,0
80358,1
83542,0
76420,0
83887,0
78909,1
74121,2
84224,0
72230,0
71430,4
76441,0
72610,0
80701,0
81076,1
80366,2
82464,0
84222,0
77519,0
76440,0
79634,0
80354,2
81773,0
83529,3
73002,0
78209,0
84227,0
79972,0
79270,1
72982,3
82824,0
77525,0
80720,0
74543,3
76038,2
74536,0
79966,1
74904,1
79991,0
76787,0
77884,0
85580,0
71816,0
75307,0
76796,0
79252,0
83880,0
81445,0
81080,0
83543,0
74138,0
66739,0
10309,0
21543,2
13222,1
10755,0
23675,0
12741,0
9869,0
5591,0
10761,0
6681,0
15808,0
16323,0
19961,0
8221,0
12742,0
13250,0
7593,0
18436,1
14751,0
18431,0
14253,0
8603,0
13233,0
17897,2
11270,0
22060,0
9430,0
16855,0
17359,0
10292,0
10760,0
10295,0
15817,0
13733,0
19979,3
15821,0
22070,0
24767,0
21026,0
16315,0
12238,0
14753,0
14251,0
17373,0
19440,0
20481,1
8627,0
6395,0
7907,0
8245,0
19448,0
20479,0
16311,0
16320,0
12244,1
10286,1
11738,0
13726,0
6982,0
7281,0
9435,0
13240,0
10782,0
7578,0
20505,0
22593,0
15276,2
73500,0
73883,0
59682,0
69682,0
71568,0
71170,0
73119,0
71177,0
73495,5
69685,2
64554,0
75031,0
75797,0
72354,0
70414,0
108593,0
103012,0
103419,0
104721,0
110287,4
109814,0
111621,0
110946,0
106107,0
109823,0
109588,0
111157,0
106098,0
110511,0
110053,0
106824,0
102185,0
109815,0
102606,0
103628,2
109078,0
108341,0
103627,0
111383,1
112110,6
105392,0
110254,0
103838,5
110722,0
109807,0
110046,0
109075,0
105867,0
105623,0
108102,0
107596,0
110489,0
108817,3
111877,0
111868,10
111876,0
109077,0
108087,0
106103,0
112106,0
85144,1
80964,1
87568,0
79160,0
81330,0
85814,0
77769,1
83091,0
84138,0
86137,0
83079,0
82724,0
86133,0
84473,0
80257,0
88612,0
77413,0
86139,0
78464,0
80971,2
77771,0
77414,0
81686,0
80240,0
84464,0
83444,0
83087,0
79880,0
79524,0
84468,1
81670,1
82742,0
81692,0
83101,0
85152,0
84799,0
27806,0
19871,0
25702,0
31386,0
19855,3
34902,5
26224,0
24066,0
36829,1
18835,0
28847,0
17813,0
32915,0
32398,0
33413,0
23008,0
24064,0
21958,0
36817,0
23525,0
16786,0
39747,3
34399,0
25667,0
24095,0
35385,0
31904,0
26760,0
29364,0
31401,0
23530,0
22475,0
15741,0
24623,0
24069,6
17820,0
24638,0
34876,0
35879,0
19370,0
34886,0
20381,0
30383,0
34877,4
14196,0
32927,0
23021,0
33426,0
32906,9
14704,0
20396,6
39271,0
37303,1
18847,0
22455,0
33921,0
20405,0
33894,0
24605,0
26732,0
28309,0
29350,0
30382,0
30379,0
19858,0
34406,0
35863,0
35373,2
31909,0
38284,0
34396,0
37293,0
29881,0
21968,0
33909,1
17302,1
18856,0
21426,0
21416,0
25162,0
26746,0
27809,0
22492,0
25169,0
18832,0
56652,0
57042,0
57458,0
56635,0
58250,0
55850,3
54581,2
58247,0
58644,5
1739,7
3582,0
1791,0
2538,0
1491,0
3928,0
756,0
1539,1
2736,1
1518,1
1193,0
1455,0
1175,0
1305,0
866,4
1994,0
1575,0
1458,0
2639,0
2452,0
1594,0
2271,0
759,0
1497,2
2640,0
1690,5
1353,0
1634,0
1990,0
1255,0
1350,0
1517,0
2173,6
1927,0
116651,0
119837,0
117135,0
118429,1
123141,0
123439,0
123130,0
123454,0
122850,0
118835,0
118024,0
120196,2
125070,1
120194,1
121443,0
118026,0
124257,0
124627,0
117593,0
124446,0
124087,0
123605,0
117139,0
121082,0
120011,0
120735,0
119237,1
119036,0
122701,0
120014,0
39342,0
43615,0
49819,2
46355,0
57699,0
49821,1
56873,0
46784,0
42676,0
58099,0
38366,1
43148,0
52745,0
54833,0
48517,0
53983,0
38855,0
41265,0
42682,0
44082,1
57691,0
56473,0
39345,0
41744,0
56094,0
58880,0
52736,0
40781,0
49820,0
40787,2
53561,0
43624,1
40779,0
37868,0
78853,0
78165,0
82077,0
83133,0
84184,0
80652,0
83461,0
81039,0
82070,0
80670,0
85198,0
79945,2
82088,0
78867,0
78872,0
80315,0
82787,0
85169,0
80311,0
83841,0
78851,1
84159,4
82764,0
89008,0
81370,0
77455,0
77813,0
79203,0
82781,0
79563,0
78516,0
83845,0
83477,0
84505,0
79215,0
84862,0
86893,0
84157,0
79575,6
79569,0
85844,0
77823,0
80295,0
90357,0
84172,0
79588,0
85527,0
85174,2
82784,0
84146,0
83816,0
88665,0
81710,0
80281,0
85178,0
86193,0
34193,0
122864,0
128817,0
126450,0
127045,0
125878,0
132482,0
131223,3
126479,0
124476,0
128262,0
132147,0
127933,0
126203,1
133713,0
124649,0
125329,5
127934,0
128834,0
128549,0
130606,0
125909,0
126497,0
125332,0
127962,0
125589,1
125328,0
126783,0
130625,0
125895,0
133411,0
133418,0
127078,0
132158,0
125606,0
134666,0
129403,0
127932,0
124119,3
128813,0
123009,0
133414,0
128816,0
131227,0
128826,0
124659,0
130592,0
133711,1
128249,0
131827,0
130018,0
124457,9
125905,3
124275,0
125913,5
128238,0
129725,0
128227,1
124672,2
127065,0
132137,0
126478,0
123466,0
129152,0
131830,0
126789,9
127664,0
126779,0
129746,0
126199,0
124879,0
129701,0
131852,1
125114,2
123148,0
125594,0
135299,0
128811,0
127359,0
130943,0
127355,0
130008,0
128273,1
125331,7
127680,4
131247,1
123303,0
124873,0
124276,0
109062,0
82963,0
86707,0
85369,0
81209,0
82651,0
86408,0
83363,2
83708,1
83694,0
83351,0
88869,0
87111,1
85388,6
92065,0
84728,0
88173,0
84715,0
92062,0
87476,0
83353,2
84038,0
83005,0
84718,0
85725,0
83707,0
83007,0
78802,4
37730,3
35795,0
36252,0
36272,0
33825,0
28764,0
32849,0
36755,2
34809,5
36280,0
32320,0
42099,0
35794,0
41134,1
32821,3
44883,0
37713,0
45339,0
33322,0
29273,0
42085,0
38722,0
39195,0
31312,0
46222,0
38210,0
33339,0
41116,0
35800,0
34333,0
33808,0
41598,0
44434,0
27727,0
39179,0
45329,0
30301,0
36288,0
40175,0
27204,0
40171,0
32829,0
30309,0
34327,0
38693,0
33308,0
35289,0
46214,0
43026,0
40654,1
32845,0
40179,0
38228,0
37219,0
43047,0
39209,0
33328,0
35311,0
40629,0
32352,0
37229,0
36745,2
42064,0
41613,0
40151,0
31338,0
37731,0
44892,0
38224,0
107435,0
106416,0
114282,0
109176,0
105456,0
105016,7
114285,0
109899,0
109177,0
106651,0
107411,2
108431,0
111955,0
107153,0
103502,0
105220,0
108913,0
106920,0
114284,0
105221,0
105015,0
106913,0
108668,4
110137,0
108676,0
108673,0
105232,0
105925,0
104785,0
106892,0
109170,2
106907,0
108672,0
111959,1
114826,0
104555,0
108423,0
107161,0
107418,0
0,0
93652,0
87175,0
87885,0
91815,0
88923,0
92116,0
95072,0
91519,1
86808,2
93932,0
86457,0
94216,0
92108,0
90590,0
92106,0
91810,1
87879,0
88578,2
86814,0
92424,0
93633,0
96791,0
93343,0
88927,3
92114,0
88224,0
95361,0
94229,1
88922,0
89278,0
92426,0
89625,0
93001,0
90555,0
92684,0
90245,1
90548,0
90867,0
92068,0
90556,0
90497,0
90198,0
92021,0
95276,0
90501,0
95859,0
87793,0
93848,0
92936,0
91138,1
92955,0
85715,0
95559,2
94695,0
88824,0
92641,0
98545,0
88482,3
98793,0
95008,0
93243,0
97517,0
90201,0
89174,4
90842,0
87806,0
98035,1
95564,0
97247,2
87451,0
86737,4
97509,1
88496,0
90527,0
92023,0
94422,0
96995,0
95273,0
97513,0
85039,0
94147,0
82257,0
97500,0
93248,0
92038,0
90508,0
85044,0
100017,0
91727,0
97254,0
89202,1
93832,1
85382,0
96713,0
93852,0
91421,0
93847,0
83324,0
94721,0
94723,0
98789,0
98535,0
90521,0
94986,0
99045,1
88167,0
96449,0
97504,0
99047,0
96140,0
87463,1
89889,1
96158,0
89540,1
97250,0
96986,0
94989,0
114413,0
115219,0
117262,0
108530,0
116524,2
120294,0
113867,0
114138,0
114957,0
116779,0
111584,0
118134,0
111338,0
110668,0
109993,1
115750,0
111342,0
111583,0
112068,1
110216,0
110665,0
113081,0
117252,0
114132,0
1978,0
1910,4
1778,1
1839,3
1902,0
3098,0
102988,0
104249,0
108814,0
101255,0
108306,0
102166,1
107047,1
111842,1
105144,2
100748,0
100988,2
102983,0
107811,0
107315,0
100289,0
107575,0
102380,0
112323,0
98562,0
101934,1
102565,0
108076,0
102153,0
112576,0
101702,0
107059,0
108075,0
111828,0
99792,0
103205,0
100741,0
107799,0
108540,2
101688,0
106816,2
107063,0
101946,2
108533,2
109524,3
102145,3
106561,0
107035,0
111354,0
107054,0
106545,0
100037,0
101928,0
99796,0
102574,0
112575,0
105821,3
104916,0
108315,0
107067,0
107068,0
107065,0
107832,0
101492,4
102143,0
106575,0
105356,0
110454,0
101932,0
108297,2
101945,0
105137,1
103001,2
108048,0
105614,0
111349,0
108811,0
109279,0
111348,0
106085,0
106086,0
100758,0
101463,0
108536,0
106818,0
105611,0
100280,0
103005,0
107580,0
104477,0
104475,0
100995,0
102381,0
111597,0
101935,0
100047,0
105121,0
102598,0
102355,0
102595,0
100749,0
103813,0
48260,0
51673,2
49561,1
52086,1
49125,4
50832,5
55019,0
52498,0
49985,0
63,0
44,0
128,0
192,0
92,1
106,0
337,1
176,1
339,2
124,2
94,0
51,0
87909,0
87563,0
90931,0
91238,0
90300,0
85120,0
88590,0
85458,0
88588,0
89310,0
89634,0
90613,0
87188,0
88601,0
87559,0
85115,0
91534,1
87918,0
91524,0
85454,0
91231,0
89984,0
88598,0
87560,0
93361,0
88951,0
87557,0
90294,2
87185,0
88245,0
84107,0
86469,0
25459,0
15435,0
21684,0
13362,0
11879,3
19100,0
16489,0
11883,0
7314,0
15966,0
15964,0
16998,0
10873,0
11878,0
21689,0
10395,0
11380,0
21697,0
11870,0
13369,0
21169,0
13384,0
21699,0
24916,1
17533,0
20131,0
16993,0
15947,1
12368,0
16997,0
20644,0
19603,0
24913,0
21161,0
9934,0
9933,0
16482,0
10884,0
15948,0
44985,0
47197,0
48512,0
48507,0
40275,0
42662,1
48508,0
46333,0
49806,0
38835,0
39310,0
35912,4
51914,2
37844,0
48943,0
47205,0
37355,0
42660,0
39798,1
39799,0
48065,0
41238,0
39782,0
35907,0
38311,2
37835,5
35423,2
40761,0
35909,0
37830,0
57870,0
57060,0
55050,5
55453,3
58661,0
55877,1
58278,0
56260,0
53771,0
55884,0
57470,0
56678,0
58659,1
57064,0
57489,0
57869,0
59066,0
57865,4
78804,3
83062,0
84437,0
83059,0
86438,0
83412,0
78808,0
7745,0
5709,0
12021,0
4180,0
8064,0
4972,0
8817,0
4174,0
3637,0
4749,0
4550,0
8818,0
10546,4
4740,4
11534,0
13530,0
6252,0
10094,0
5708,0
13017,0
17139,0
6267,0
18175,0
15585,3
16625,0
9647,0
11055,0
3821,0
17653,5
15066,1
7126,1
15069,0
8840,0
4968,0
16618,0
9679,5
8844,0
13510,0
4358,0
6258,0
4982,0
18688,0
4750,0
11027,0
7744,0
19201,0
6270,0
8430,0
7421,0
7437,0
9648,0
67759,1
19767,0
26134,0
26141,0
10178,0
13592,0
20289,0
18229,0
26666,0
18770,1
20325,0
17222,0
29773,0
23452,0
26127,0
23442,0
23451,0
18231,2
22388,0
28235,0
27175,0
24554,0
15151,0
15136,0
24012,0
15145,0
14109,0
20324,0
28219,0
21853,0
23973,4
27697,0
29248,1
18233,0
25065,0
10180,0
29253,0
26665,0
28241,0
16161,0
27712,0
14616,0
16166,0
14608,0
27698,0
28218,0
20828,0
19286,0
16683,0
31307,0
14099,0
19254,0
18751,0
13085,0
14103,0
13598,0
19786,0
18259,0
19797,0
27183,0
10633,0
28742,0
15648,0
11613,0
20834,0
18267,0
19768,0
22382,0
10175,0
18746,0
119533,0
122053,0
127154,0
120821,2
118938,0
129224,0
122469,0
121703,0
119723,0
121862,1
123512,0
127454,0
120279,0
125713,0
122047,1
120458,0
123841,0
121710,0
124530,0
126873,0
122200,1
120995,0
121885,0
117246,0
120099,0
120637,2
120095,0
118313,0
119927,0
122632,0
122633,0
122338,0
121853,0
122171,0
126570,0
122640,3
122030,0
120840,0
123198,0
122774,0
122751,1
122317,0
121714,0
120660,0
118735,0
121542,0
125990,0
117480,2
122318,0
122032,0
124732,5
121711,0
126565,0
125177,0
121888,0
120286,0
125179,0
119920,0
122908,0
127161,0
119135,0
122017,0
123197,0
122346,0
127155,3
120827,5
762,0
12618,0
8156,0
20360,0
13622,0
14650,0
15195,0
10662,0
15160,0
13141,0
17272,2
18272,1
18814,0
11626,0
12634,5
17772,6
6636,2
15184,2
15700,3
15707,0
10192,0
12146,0
13120,0
21899,0
5793,0
17758,2
16230,4
9782,0
20856,0
18823,0
13135,0
9756,0
21388,0
8921,0
20353,4
17264,3
7513,0
15674,8
16213,2
20356,1
10668,0
6353,0
18302,0
21905,0
7819,0
8537,0
12120,0
20860,0
6632,0
16234,2
15171,7
23486,1
3720,0
7501,0
8165,0
23485,0
19818,0
8936,0
4621,0
7200,0
9746,4
12119,0
22413,0
14146,0
8528,0
12144,0
16730,0
8948,0
22424,0
21895,1
18273,0
14664,2
7825,6
7516,7
7507,6
19322,6
15685,0
66439,0
64383,0
60656,0
61039,0
61833,0
60681,0
61428,0
62952,0
63300,0
60292,0
61417,2
62588,6
65037,4
65392,4
66783,0
65414,0
65387,0
62203,0
65403,0
64010,0
65038,0
60258,0
65043,0
61423,0
63325,0
65393,0
64733,0
64371,0
60665,1
63652,0
61073,0
61413,0
67118,1
65725,0
63660,0
61049,0
61805,0
64022,0
67124,0
60688,0
152373,0
152168,0
148709,0
148477,0
148214,0
152780,0
154172,0
153316,0
150417,0
151079,0
151953,0
153340,0
152967,0
150871,0
154328,0
153674,0
154330,0
153848,0
153822,0
147954,0
151776,0
153491,0
152810,0
150629,0
154056,1
151073,0
151109,0
152163,0
153691,0
148976,0
153492,0
153347,0
153327,0
154049,0
151331,0
154029,0
152792,0
154286,0
151072,0
147168,0
152372,0
149435,0
153680,0
153795,1
154032,0
150666,0
151740,0
149468,0
154275,0
149682,0
153131,0
150414,0
151514,0
151998,3
148970,0
150632,0
153928,0
153831,0
153361,0
151993,0
152962,0
149203,0
150892,0
154393,0
153667,0
150145,0
147691,0
151974,0
151321,0
149693,0
154183,0
153149,0
150184,0
153683,0
152798,0
150856,0
151335,0
154314,0
154223,0
151558,0
151987,0
150380,0
150388,0
149909,2
151306,7
154247,1
148952,0
150846,0
153833,0
154299,0
151310,0
150419,0
151537,0
150161,0
154289,0
148734,1
150146,1
62919,0
60231,0
60235,0
63280,0
64341,0
60645,0
59842,0
60644,0
64686,0
61016,0
60643,0
46485,0
46040,1
43276,1
35095,3
37047,0
37516,0
43760,1
38004,0
48206,0
48638,0
40925,0
39013,0
38998,0
38012,0
37050,0
45116,0
46031,0
44221,4
46899,4
38023,0
40921,0
46897,0
46455,0
40466,0
43738,0
44656,0
41391,0
39955,0
45112,0
40912,1
38500,0
42820,0
47334,0
46009,0
34105,2
44224,0
41422,0
37055,0
45133,0
42366,1
42334,0
48203,0
44677,0
45596,0
39979,0
34106,0
39963,0
40919,0
45123,0
42361,0
42823,0
37524,0
38507,0
42344,0
71730,1
77409,0
74804,0
53379,0
52542,0
57101,0
57515,0
53363,0
53370,0
55095,0
59110,1
59489,0
57921,0
59102,0
52146,0
53800,0
58720,0
54665,0
55480,0
56691,0
56706,0
59490,0
57094,0
59488,0
52955,0
52564,0
51322,0
57116,1
56299,0
55473,0
52560,0
54637,0
52948,0
55088,0
58297,0
55478,0
55083,3
58704,0
59077,0
55061,0
59072,3
59084,0
51740,0
54236,0
54648,3
57410,1
52473,0
54133,5
52481,0
52881,0
54153,0
54555,0
54128,0
57415,0
55396,0
59027,3
52069,0
59017,2
56234,0
52484,2
59012,0
55805,1
52469,0
51638,0
56611,0
54966,0
56239,0
56631,0
57824,0
58245,0
58219,0
52494,0
57836,0
53285,4
51217,7
54132,0
55403,1
53713,3
137344,2
135777,0
130449,0
129559,0
138894,0
137021,8
133854,0
136720,0
129858,0
131682,0
131983,2
131671,0
133543,0
135450,1
135143,0
133544,0
132304,1
137045,2
135765,1
136078,0
136065,2
140101,2
128971,0
138254,0
139190,0
137654,0
134825,0
135458,0
136718,0
132306,0
137328,0
137342,0
135115,0
137042,0
132608,0
131982,0
135768,0
137977,1
134174,0
